Trade #,Type,Date and time,Signal,Price USD,Position size (qty),Position size (value),Net P&L USD,Net P&L %,Favorable excursion USD,Favorable excursion %,Adverse excursion USD,Adverse excursion %,Cumulative P&L USD,Cumulative P&L %
1,Exit long,2025-03-10 06:15,Exit Long,42442,2,424880,-460,-0.11,750,0.18,-460,-0.11,-460,0.00
1,Entry long,2025-03-10 05:30,Long trade,42488,2,424880,-460,-0.11,750,0.18,-460,-0.11,-460,0.00
2,Exit long,2025-03-10 08:30,Exit Long,42310,2,423540,-440,-0.10,320,0.08,-440,-0.10,-900,0.00
2,Entry long,2025-03-10 08:15,Long trade,42354,2,423540,-440,-0.10,320,0.08,-440,-0.10,-900,0.00
3,Exit long,2025-03-12 09:45,Exit Long,41449,2,414950,-460,-0.11,690,0.17,-460,-0.11,-1360,0.00
3,Entry long,2025-03-12 09:45,Long trade,41495,2,414950,-460,-0.11,690,0.17,-460,-0.11,-1360,0.00
4,Exit long,2025-03-13 05:15,Exit Long,41346,2,412450,1010,0.24,1010,0.24,-370,-0.09,-350,0.00
4,Entry long,2025-03-13 04:30,Long trade,41245,2,412450,1010,0.24,1010,0.24,-370,-0.09,-350,0.00
5,Exit short,2025-03-17 08:30,Exit Short,41290,2,413900,1000,0.24,1000,0.24,-340,-0.08,650,0.00
5,Entry short,2025-03-17 07:00,Short trade,41390,2,413900,1000,0.24,1000,0.24,-340,-0.08,650,0.00
6,Exit short,2025-03-17 10:00,Close entry(s) order Short trade,41698,2,417610,630,0.15,940,0.23,-360,-0.09,1280,0.00
6,Entry short,2025-03-17 09:45,Short trade,41761,2,417610,630,0.15,940,0.23,-360,-0.09,1280,0.00
7,Exit short,2025-03-18 06:00,Exit Short,42104,2,421980,940,0.22,940,0.22,-490,-0.12,2220,0.00
7,Entry short,2025-03-18 04:45,Short trade,42198,2,421980,940,0.22,940,0.22,-490,-0.12,2220,0.00
8,Exit short,2025-03-19 10:15,Close entry(s) order Short trade,42144,2,421490,50,0.01,180,0.04,-270,-0.06,2270,0.00
8,Entry short,2025-03-19 10:00,Short trade,42149,2,421490,50,0.01,180,0.04,-270,-0.06,2270,0.00
9,Exit short,2025-03-24 04:00,Exit Short,42642,2,425960,-460,-0.11,70,0.02,-460,-0.11,1810,0.00
9,Entry short,2025-03-24 04:00,Short trade,42596,2,425960,-460,-0.11,70,0.02,-460,-0.11,1810,0.00
10,Exit short,2025-03-24 05:15,Close entry(s) order Short trade,42684,2,426460,-380,-0.09,170,0.04,-390,-0.09,1430,0.00
10,Entry short,2025-03-24 04:30,Short trade,42646,2,426460,-380,-0.09,170,0.04,-390,-0.09,1430,0.00
11,Exit short,2025-03-25 07:45,Exit Short,42958,2,429140,-440,-0.10,10,0.00,-440,-0.10,990,0.00
11,Entry short,2025-03-25 07:30,Short trade,42914,2,429140,-440,-0.10,10,0.00,-440,-0.10,990,0.00
12,Exit short,2025-03-25 09:30,Exit Short,43009,2,429640,-450,-0.10,0,0.00,-450,-0.10,540,0.00
12,Entry short,2025-03-25 09:30,Short trade,42964,2,429640,-450,-0.10,0,0.00,-450,-0.10,540,0.00
13,Exit short,2025-03-26 08:30,Exit Short,42978,2,429350,-430,-0.10,100,0.02,-430,-0.10,110,0.00
13,Entry short,2025-03-26 08:15,Short trade,42935,2,429350,-430,-0.10,100,0.02,-430,-0.10,110,0.00
14,Exit short,2025-03-26 10:00,Exit Short,43104,2,430590,-450,-0.10,390,0.09,-450,-0.10,-340,0.00
14,Entry short,2025-03-26 10:00,Short trade,43059,2,430590,-450,-0.10,390,0.09,-450,-0.10,-340,0.00
15,Exit short,2025-04-01 04:15,Exit Short,42117,2,422160,990,0.23,990,0.23,-130,-0.03,650,0.00
15,Entry short,2025-04-01 03:30,Short trade,42216,2,422160,990,0.23,990,0.23,-130,-0.03,650,0.00
16,Exit long,2025-04-03 03:30,Exit Long,41439,2,414860,-470,-0.11,120,0.03,-470,-0.11,180,0.00
16,Entry long,2025-04-03 03:30,Long trade,41486,2,414860,-470,-0.11,120,0.03,-470,-0.11,180,0.00
17,Exit long,2025-04-03 06:30,Exit Long,41276,2,413170,-410,-0.10,340,0.08,-410,-0.10,-230,0.00
17,Entry long,2025-04-03 06:15,Long trade,41317,2,413170,-410,-0.10,340,0.08,-410,-0.10,-230,0.00
18,Exit long,2025-04-04 04:30,Exit Long,40385,2,404290,-440,-0.11,560,0.14,-440,-0.11,-670,0.00
18,Entry long,2025-04-04 04:15,Long trade,40429,2,404290,-440,-0.11,560,0.14,-440,-0.11,-670,0.00
19,Exit long,2025-04-04 07:15,Exit Long,39683,2,395860,970,0.25,970,0.25,0,0.00,300,0.00
19,Entry long,2025-04-04 07:15,Long trade,39586,2,395860,970,0.25,970,0.25,0,0.00,300,0.00
20,Exit long,2025-04-04 08:00,Exit Long,39605,2,396500,-450,-0.11,140,0.04,-450,-0.11,-150,0.00
20,Entry long,2025-04-04 08:00,Long trade,39650,2,396500,-450,-0.11,140,0.04,-450,-0.11,-150,0.00
21,Exit long,2025-04-07 02:45,Exit Long,36998,2,370490,-510,-0.14,490,0.13,-510,-0.14,-660,0.00
21,Entry long,2025-04-07 02:45,Long trade,37049,2,370490,-510,-0.14,490,0.13,-510,-0.14,-660,0.00
22,Exit long,2025-04-07 03:15,Exit Long,37044,2,370930,-490,-0.13,670,0.18,-490,-0.13,-1150,0.00
22,Entry long,2025-04-07 03:15,Long trade,37093,2,370930,-490,-0.13,670,0.18,-490,-0.13,-1150,0.00
23,Exit short,2025-04-08 07:45,Exit Short,39227,2,391850,-420,-0.11,320,0.08,-420,-0.11,-1570,0.00
23,Entry short,2025-04-08 07:45,Short trade,39185,2,391850,-420,-0.11,320,0.08,-420,-0.11,-1570,0.00
24,Exit short,2025-04-08 09:00,Exit Short,39252,2,392070,-450,-0.11,320,0.08,-450,-0.11,-2020,0.00
24,Entry short,2025-04-08 08:45,Short trade,39207,2,392070,-450,-0.11,320,0.08,-450,-0.11,-2020,0.00
25,Exit short,2025-04-09 03:30,Exit Short,37859,2,378250,-340,-0.09,800,0.21,-340,-0.09,-2360,0.00
25,Entry short,2025-04-09 03:30,Short trade,37825,2,378250,-340,-0.09,800,0.21,-340,-0.09,-2360,0.00
26,Exit long,2025-04-09 07:45,Exit Long,37113,2,370010,1120,0.30,1120,0.30,-230,-0.06,-1240,0.00
26,Entry long,2025-04-09 07:45,Long trade,37001,2,370010,1120,0.30,1120,0.30,-230,-0.06,-1240,0.00
27,Exit long,2025-04-09 08:30,Exit Long,37062,2,369580,1040,0.28,1040,0.28,-380,-0.10,-200,0.00
27,Entry long,2025-04-09 08:30,Long trade,36958,2,369580,1040,0.28,1040,0.28,-380,-0.10,-200,0.00
28,Exit short,2025-04-11 03:00,Exit Short,39943,2,400450,1020,0.25,1020,0.25,-300,-0.07,820,0.00
28,Entry short,2025-04-11 03:00,Short trade,40045,2,400450,1020,0.25,1020,0.25,-300,-0.07,820,0.00
29,Exit short,2025-04-14 07:45,Exit Short,40692,2,407970,1050,0.26,1050,0.26,-110,-0.03,1870,0.00
29,Entry short,2025-04-14 07:45,Short trade,40797,2,407970,1050,0.26,1050,0.26,-110,-0.03,1870,0.00
30,Exit short,2025-04-15 03:15,Exit Short,40838,2,407890,-490,-0.12,0,0.00,-490,-0.12,1380,0.00
30,Entry short,2025-04-15 03:15,Short trade,40789,2,407890,-490,-0.12,0,0.00,-490,-0.12,1380,0.00
31,Exit short,2025-04-15 04:30,Exit Short,40727,2,408300,1030,0.25,1030,0.25,-120,-0.03,2410,0.00
31,Entry short,2025-04-15 04:15,Short trade,40830,2,408300,1030,0.25,1030,0.25,-120,-0.03,2410,0.00
32,Exit long,2025-04-15 08:45,Exit Long,40605,2,406480,-430,-0.11,130,0.03,-430,-0.11,1980,0.00
32,Entry long,2025-04-15 08:45,Long trade,40648,2,406480,-430,-0.11,130,0.03,-430,-0.11,1980,0.00
33,Exit long,2025-04-16 04:15,Exit Long,40310,2,402110,990,0.25,990,0.25,-100,-0.02,2970,0.00
33,Entry long,2025-04-16 04:00,Long trade,40211,2,402110,990,0.25,990,0.25,-100,-0.02,2970,0.00
34,Exit long,2025-04-17 08:30,Exit Long,39367,2,392730,940,0.24,940,0.24,-90,-0.02,3910,0.00
34,Entry long,2025-04-17 08:30,Long trade,39273,2,392730,940,0.24,940,0.24,-90,-0.02,3910,0.00
35,Exit long,2025-04-21 07:00,Exit Long,39033,2,389330,1000,0.26,1000,0.26,-260,-0.07,4910,0.00
35,Entry long,2025-04-21 04:00,Long trade,38933,2,389330,1000,0.26,1000,0.26,-260,-0.07,4910,0.00
36,Exit short,2025-04-23 04:30,Exit Short,40006,2,399630,-430,-0.11,180,0.05,-430,-0.11,4480,0.00
36,Entry short,2025-04-23 04:15,Short trade,39963,2,399630,-430,-0.11,180,0.05,-430,-0.11,4480,0.00
37,Exit short,2025-04-23 05:45,Exit Short,39994,2,399510,-430,-0.11,60,0.02,-430,-0.11,4050,0.00
37,Entry short,2025-04-23 05:45,Short trade,39951,2,399510,-430,-0.11,60,0.02,-430,-0.11,4050,0.00
38,Exit short,2025-04-29 06:45,Exit Short,40446,2,405440,980,0.24,980,0.24,-250,-0.06,5030,0.01
38,Entry short,2025-04-29 06:15,Short trade,40544,2,405440,980,0.24,980,0.24,-250,-0.06,5030,0.01
39,Exit short,2025-04-30 06:30,Exit Short,40577,2,406730,960,0.24,960,0.24,-350,-0.09,5990,0.01
39,Entry short,2025-04-30 03:15,Short trade,40673,2,406730,960,0.24,960,0.24,-350,-0.09,5990,0.01
40,Exit short,2025-05-01 07:45,Exit Short,41110,2,410620,-480,-0.12,0,0.00,-480,-0.12,5510,0.01
40,Entry short,2025-05-01 07:30,Short trade,41062,2,410620,-480,-0.12,0,0.00,-480,-0.12,5510,0.01
41,Exit short,2025-05-02 08:45,Exit Short,41244,2,411980,-460,-0.11,120,0.03,-460,-0.11,5050,0.01
41,Entry short,2025-05-02 08:45,Short trade,41198,2,411980,-460,-0.11,120,0.03,-460,-0.11,5050,0.01
42,Exit long,2025-05-06 07:45,Exit Long,41030,2,410730,-430,-0.10,850,0.21,-430,-0.10,4620,0.00
42,Entry long,2025-05-06 06:00,Long trade,41073,2,410730,-430,-0.10,850,0.21,-430,-0.10,4620,0.00
43,Exit short,2025-05-08 08:30,Exit Short,41463,2,415610,980,0.24,980,0.24,-190,-0.05,5600,0.01
43,Entry short,2025-05-08 07:30,Short trade,41561,2,415610,980,0.24,980,0.24,-190,-0.05,5600,0.01
44,Exit short,2025-05-12 03:45,Exit Short,42091,2,421980,1070,0.25,1070,0.25,-100,-0.02,6670,0.01
44,Entry short,2025-05-12 03:45,Short trade,42198,2,421980,1070,0.25,1070,0.25,-100,-0.02,6670,0.01
45,Exit short,2025-05-13 06:30,Exit Short,42349,2,424480,990,0.23,990,0.23,-30,-0.01,7660,0.01
45,Entry short,2025-05-13 06:30,Short trade,42448,2,424480,990,0.23,990,0.23,-30,-0.01,7660,0.01
46,Exit short,2025-05-16 04:15,Exit Short,42526,2,424820,-440,-0.10,40,0.01,-440,-0.10,7220,0.01
46,Entry short,2025-05-16 04:00,Short trade,42482,2,424820,-440,-0.10,40,0.01,-440,-0.10,7220,0.01
47,Exit short,2025-05-16 09:15,Close entry(s) order Short trade,42496,2,425240,280,0.07,480,0.11,-370,-0.09,7500,0.01
47,Entry short,2025-05-16 06:00,Short trade,42524,2,425240,280,0.07,480,0.11,-370,-0.09,7500,0.01
48,Exit long,2025-05-19 06:45,Exit Long,42449,2,423510,980,0.23,980,0.23,-140,-0.03,8480,0.01
48,Entry long,2025-05-19 04:00,Long trade,42351,2,423510,980,0.23,980,0.23,-140,-0.03,8480,0.01
49,Exit short,2025-05-19 09:15,Close entry(s) order Short trade,42451,2,424780,270,0.06,550,0.13,-380,-0.09,8750,0.01
49,Entry short,2025-05-19 08:30,Short trade,42478,2,424780,270,0.06,550,0.13,-380,-0.09,8750,0.01
50,Exit long,2025-05-21 08:00,Exit Long,42500,2,424000,1000,0.24,1000,0.24,-220,-0.05,9750,0.01
50,Entry long,2025-05-21 07:00,Long trade,42400,2,424000,1000,0.24,1000,0.24,-220,-0.05,9750,0.01
51,Exit long,2025-05-22 08:45,Exit Long,41831,2,417320,990,0.24,990,0.24,-380,-0.09,10740,0.01
51,Entry long,2025-05-22 08:00,Long trade,41732,2,417320,990,0.24,990,0.24,-380,-0.09,10740,0.01
52,Exit long,2025-05-23 05:45,Exit Long,41910,2,418090,1010,0.24,1010,0.24,0,0.00,11750,0.01
52,Entry long,2025-05-23 05:30,Long trade,41809,2,418090,1010,0.24,1010,0.24,0,0.00,11750,0.01
53,Exit long,2025-05-23 07:45,Exit Long,41508,2,415480,-400,-0.10,50,0.01,-400,-0.10,11350,0.01
53,Entry long,2025-05-23 07:45,Long trade,41548,2,415480,-400,-0.10,50,0.01,-400,-0.10,11350,0.01
54,Exit long,2025-05-23 08:15,Exit Long,41403,2,413050,980,0.24,980,0.24,-60,-0.01,12330,0.01
54,Entry long,2025-05-23 08:15,Long trade,41305,2,413050,980,0.24,980,0.24,-60,-0.01,12330,0.01
55,Exit short,2025-05-26 09:15,Close entry(s) order Short trade,42126,2,421450,190,0.05,580,0.14,-280,-0.07,12520,0.01
55,Entry short,2025-05-26 04:00,Short trade,42145,2,421450,190,0.05,580,0.14,-280,-0.07,12520,0.01
56,Exit short,2025-05-27 07:30,Exit Short,42239,2,421930,-460,-0.11,190,0.05,-460,-0.11,12060,0.01
56,Entry short,2025-05-27 07:00,Short trade,42193,2,421930,-460,-0.11,190,0.05,-460,-0.11,12060,0.01
57,Exit long,2025-06-02 03:30,Exit Long,42083,2,419840,990,0.24,990,0.24,-60,-0.01,13050,0.01
57,Entry long,2025-06-02 03:30,Long trade,41984,2,419840,990,0.24,990,0.24,-60,-0.01,13050,0.01
58,Exit long,2025-06-03 07:15,Exit Long,42253,2,421520,1010,0.24,1010,0.24,-280,-0.07,14060,0.01
58,Entry long,2025-06-03 03:45,Long trade,42152,2,421520,1010,0.24,1010,0.24,-280,-0.07,14060,0.01
59,Exit short,2025-06-04 08:15,Exit Short,42568,2,426620,940,0.22,940,0.22,-190,-0.04,15000,0.02
59,Entry short,2025-06-04 04:30,Short trade,42662,2,426620,940,0.22,940,0.22,-190,-0.04,15000,0.02
60,Exit short,2025-06-05 08:30,Exit Short,42473,2,425740,1010,0.24,1010,0.24,-350,-0.08,16010,0.02
60,Entry short,2025-06-05 04:15,Short trade,42574,2,425740,1010,0.24,1010,0.24,-350,-0.08,16010,0.02
61,Exit short,2025-06-06 08:30,Exit Short,42586,2,425450,-410,-0.10,910,0.21,-410,-0.10,15600,0.02
61,Entry short,2025-06-06 03:30,Short trade,42545,2,425450,-410,-0.10,910,0.21,-410,-0.10,15600,0.02
62,Exit long,2025-06-10 04:00,Exit Long,42709,2,427540,-450,-0.11,40,0.01,-450,-0.11,15150,0.02
62,Entry long,2025-06-10 04:00,Long trade,42754,2,427540,-450,-0.11,40,0.01,-450,-0.11,15150,0.02
63,Exit long,2025-06-10 08:00,Exit Long,42819,2,427220,970,0.23,970,0.23,-50,-0.01,16120,0.02
63,Entry long,2025-06-10 04:30,Long trade,42722,2,427220,970,0.23,970,0.23,-50,-0.01,16120,0.02
64,Exit short,2025-06-11 09:15,Close entry(s) order Short trade,42952,2,429680,160,0.04,420,0.10,-170,-0.04,16280,0.02
64,Entry short,2025-06-11 09:00,Short trade,42968,2,429680,160,0.04,420,0.10,-170,-0.04,16280,0.02
65,Exit long,2025-06-12 05:15,Exit Long,42641,2,426900,-490,-0.11,170,0.04,-490,-0.11,15790,0.02
65,Entry long,2025-06-12 05:00,Long trade,42690,2,426900,-490,-0.11,170,0.04,-490,-0.11,15790,0.02
66,Exit long,2025-06-12 07:30,Exit Long,42590,2,426340,-440,-0.10,270,0.06,-440,-0.10,15350,0.02
66,Entry long,2025-06-12 07:00,Long trade,42634,2,426340,-440,-0.10,270,0.06,-440,-0.10,15350,0.02
67,Exit short,2025-06-16 04:30,Exit Short,42723,2,426780,-450,-0.11,60,0.01,-450,-0.11,14900,0.01
67,Entry short,2025-06-16 04:15,Short trade,42678,2,426780,-450,-0.11,60,0.01,-450,-0.11,14900,0.01
68,Exit short,2025-06-18 03:30,Exit Short,42644,2,426020,-420,-0.10,40,0.01,-420,-0.10,14480,0.01
68,Entry short,2025-06-18 03:00,Short trade,42602,2,426020,-420,-0.10,40,0.01,-420,-0.10,14480,0.01
69,Exit short,2025-06-18 05:00,Exit Short,42670,2,426280,-420,-0.10,510,0.12,-420,-0.10,14060,0.01
69,Entry short,2025-06-18 04:00,Short trade,42628,2,426280,-420,-0.10,510,0.12,-420,-0.10,14060,0.01
70,Exit long,2025-06-19 07:00,Exit Long,42293,2,423390,-460,-0.11,440,0.10,-460,-0.11,13600,0.01
70,Entry long,2025-06-19 04:30,Long trade,42339,2,423390,-460,-0.11,440,0.10,-460,-0.11,13600,0.01
71,Exit long,2025-06-19 09:15,Close entry(s) order Long trade,42236,2,422430,-70,-0.02,20,0.00,-420,-0.10,13530,0.01
71,Entry long,2025-06-19 08:45,Long trade,42243,2,422430,-70,-0.02,20,0.00,-420,-0.10,13530,0.01
72,Exit short,2025-06-20 04:45,Exit Short,42395,2,424970,1020,0.24,1020,0.24,-70,-0.02,14550,0.01
72,Entry short,2025-06-20 04:15,Short trade,42497,2,424970,1020,0.24,1020,0.24,-70,-0.02,14550,0.01
73,Exit short,2025-06-23 03:45,Exit Short,42548,2,424980,-500,-0.12,530,0.12,-500,-0.12,14050,0.01
73,Entry short,2025-06-23 03:15,Short trade,42498,2,424980,-500,-0.12,530,0.12,-500,-0.12,14050,0.01
74,Exit short,2025-06-23 07:15,Exit Short,42448,2,425510,1030,0.24,1030,0.24,-380,-0.09,15080,0.02
74,Entry short,2025-06-23 05:15,Short trade,42551,2,425510,1030,0.24,1030,0.24,-380,-0.09,15080,0.02
75,Exit short,2025-06-24 08:30,Exit Short,43131,2,432320,1010,0.23,1010,0.23,-270,-0.06,16090,0.02
75,Entry short,2025-06-24 03:30,Short trade,43232,2,432320,1010,0.23,1010,0.23,-270,-0.06,16090,0.02
76,Exit short,2025-06-26 04:30,Exit Short,43428,2,433860,-420,-0.10,110,0.03,-420,-0.10,15670,0.02
76,Entry short,2025-06-26 03:45,Short trade,43386,2,433860,-420,-0.10,110,0.03,-420,-0.10,15670,0.02
77,Exit short,2025-06-26 09:15,Close entry(s) order Short trade,43409,2,434040,-50,-0.01,530,0.12,-390,-0.09,15620,0.02
77,Entry short,2025-06-26 05:00,Short trade,43404,2,434040,-50,-0.01,530,0.12,-390,-0.09,15620,0.02
78,Exit short,2025-06-27 09:15,Close entry(s) order Short trade,43834,2,438480,140,0.03,400,0.09,-440,-0.10,15760,0.02
78,Entry short,2025-06-27 03:15,Short trade,43848,2,438480,140,0.03,400,0.09,-440,-0.10,15760,0.02
79,Exit short,2025-07-03 09:15,Close entry(s) order Short trade,44841,2,448530,120,0.03,430,0.10,-100,-0.02,15880,0.02
79,Entry short,2025-07-03 08:45,Short trade,44853,2,448530,120,0.03,430,0.10,-100,-0.02,15880,0.02
80,Exit short,2025-07-07 05:45,Exit Short,45077,2,450330,-440,-0.10,330,0.07,-440,-0.10,15440,0.02
80,Entry short,2025-07-07 04:30,Short trade,45033,2,450330,-440,-0.10,330,0.07,-440,-0.10,15440,0.02
81,Exit short,2025-07-07 09:15,Close entry(s) order Short trade,45007,2,450340,270,0.06,400,0.09,-90,-0.02,15710,0.02
81,Entry short,2025-07-07 09:00,Short trade,45034,2,450340,270,0.06,400,0.09,-90,-0.02,15710,0.02
82,Exit long,2025-07-11 05:45,Exit Long,44608,2,446530,-450,-0.10,330,0.07,-450,-0.10,15260,0.02
82,Entry long,2025-07-11 04:15,Long trade,44653,2,446530,-450,-0.10,330,0.07,-450,-0.10,15260,0.02
83,Exit long,2025-07-11 09:15,Close entry(s) order Long trade,44629,2,446120,170,0.04,670,0.15,-100,-0.02,15430,0.02
83,Entry long,2025-07-11 07:15,Long trade,44612,2,446120,170,0.04,670,0.15,-100,-0.02,15430,0.02
84,Exit long,2025-07-14 03:45,Exit Long,44435,2,443340,1010,0.23,1010,0.23,-10,0.00,16440,0.02
84,Entry long,2025-07-14 03:30,Long trade,44334,2,443340,1010,0.23,1010,0.23,-10,0.00,16440,0.02
85,Exit long,2025-07-16 04:30,Exit Long,44241,2,441420,990,0.22,990,0.22,-10,0.00,17430,0.02
85,Entry long,2025-07-16 03:15,Long trade,44142,2,441420,990,0.22,990,0.22,-10,0.00,17430,0.02
86,Exit short,2025-07-18 09:15,Close entry(s) order Short trade,44812,2,448070,-50,-0.01,1000,0.22,-130,-0.03,17380,0.02
86,Entry short,2025-07-18 03:15,Short trade,44807,2,448070,-50,-0.01,1000,0.22,-130,-0.03,17380,0.02
87,Exit short,2025-07-21 03:15,Exit Short,44667,2,446250,-420,-0.09,0,0.00,-420,-0.09,16960,0.02
87,Entry short,2025-07-21 03:00,Short trade,44625,2,446250,-420,-0.09,0,0.00,-420,-0.09,16960,0.02
88,Exit short,2025-07-21 09:15,Close entry(s) order Short trade,44608,2,446390,310,0.07,460,0.10,-410,-0.09,17270,0.02
88,Entry short,2025-07-21 03:45,Short trade,44639,2,446390,310,0.07,460,0.10,-410,-0.09,17270,0.02
89,Exit long,2025-07-22 09:15,Close entry(s) order Long trade,44514,2,444690,450,0.10,640,0.14,-150,-0.03,17720,0.02
89,Entry long,2025-07-22 07:15,Long trade,44469,2,444690,450,0.10,640,0.14,-150,-0.03,17720,0.02
90,Exit short,2025-07-23 05:00,Exit Short,44931,2,448870,-440,-0.10,80,0.02,-440,-0.10,17280,0.02
90,Entry short,2025-07-23 04:30,Short trade,44887,2,448870,-440,-0.10,80,0.02,-440,-0.10,17280,0.02
91,Exit short,2025-07-23 09:15,Close entry(s) order Short trade,44941,2,449180,-230,-0.05,360,0.08,-420,-0.09,17050,0.02
91,Entry short,2025-07-23 07:00,Short trade,44918,2,449180,-230,-0.05,360,0.08,-420,-0.09,17050,0.02
92,Exit long,2025-07-28 04:30,Exit Long,45163,2,452070,-440,-0.10,0,0.00,-440,-0.10,16610,0.02
92,Entry long,2025-07-28 04:00,Long trade,45207,2,452070,-440,-0.10,0,0.00,-440,-0.10,16610,0.02
93,Exit long,2025-07-28 09:15,Close entry(s) order Long trade,45074,2,450960,-220,-0.05,350,0.08,-390,-0.09,16390,0.02
93,Entry long,2025-07-28 08:30,Long trade,45096,2,450960,-220,-0.05,350,0.08,-390,-0.09,16390,0.02
94,Exit long,2025-07-30 09:15,Close entry(s) order Long trade,44811,2,448170,-60,-0.01,520,0.12,-370,-0.08,16330,0.02
94,Entry long,2025-07-30 03:30,Long trade,44817,2,448170,-60,-0.01,520,0.12,-370,-0.08,16330,0.02
95,Exit long,2025-07-31 09:15,Close entry(s) order Long trade,44704,2,447170,-130,-0.03,450,0.10,-150,-0.03,16200,0.02
95,Entry long,2025-07-31 07:15,Long trade,44717,2,447170,-130,-0.03,450,0.10,-150,-0.03,16200,0.02
96,Exit long,2025-08-01 04:15,Exit Long,43902,2,439450,-430,-0.10,420,0.10,-430,-0.10,15770,0.02
96,Entry long,2025-08-01 04:15,Long trade,43945,2,439450,-430,-0.10,420,0.10,-430,-0.10,15770,0.02
97,Exit long,2025-08-01 06:30,Exit Long,43837,2,438790,-420,-0.10,610,0.14,-420,-0.10,15350,0.02
97,Entry long,2025-08-01 04:45,Long trade,43879,2,438790,-420,-0.10,610,0.14,-420,-0.10,15350,0.02
98,Exit short,2025-08-04 04:30,Exit Short,43961,2,439160,-450,-0.10,10,0.00,-450,-0.10,14900,0.01
98,Entry short,2025-08-04 04:15,Short trade,43916,2,439160,-450,-0.10,10,0.00,-450,-0.10,14900,0.01
99,Exit short,2025-08-04 07:45,Exit Short,43895,2,439950,1000,0.23,1000,0.23,-200,-0.05,15900,0.02
99,Entry short,2025-08-04 06:00,Short trade,43995,2,439950,1000,0.23,1000,0.23,-200,-0.05,15900,0.02
100,Exit short,2025-08-05 06:30,Exit Short,44286,2,443870,1010,0.23,1010,0.23,-190,-0.04,16910,0.02
100,Entry short,2025-08-05 03:15,Short trade,44387,2,443870,1010,0.23,1010,0.23,-190,-0.04,16910,0.02
101,Exit short,2025-08-06 03:00,Exit Short,44462,2,444180,-440,-0.10,0,0.00,-440,-0.10,16470,0.02
101,Entry short,2025-08-06 03:00,Short trade,44418,2,444180,-440,-0.10,0,0.00,-440,-0.10,16470,0.02
102,Exit short,2025-08-06 05:45,Exit Short,44364,2,444670,1030,0.23,1030,0.23,-130,-0.03,17500,0.02
102,Entry short,2025-08-06 03:30,Short trade,44467,2,444670,1030,0.23,1030,0.23,-130,-0.03,17500,0.02
103,Exit short,2025-08-07 04:15,Exit Short,44468,2,444210,-470,-0.11,120,0.03,-470,-0.11,17030,0.02
103,Entry short,2025-08-07 04:15,Short trade,44421,2,444210,-470,-0.11,120,0.03,-470,-0.11,17030,0.02
104,Exit short,2025-08-07 09:15,Close entry(s) order Short trade,44554,2,445530,-10,0.00,650,0.15,-350,-0.08,17020,0.02
104,Entry short,2025-08-07 07:15,Short trade,44553,2,445530,-10,0.00,650,0.15,-350,-0.08,17020,0.02
105,Exit short,2025-08-08 09:15,Close entry(s) order Short trade,44162,2,442110,490,0.11,900,0.20,-60,-0.01,17510,0.02
105,Entry short,2025-08-08 07:45,Short trade,44211,2,442110,490,0.11,900,0.20,-60,-0.01,17510,0.02
106,Exit short,2025-08-11 03:45,Exit Short,44299,2,443980,990,0.22,990,0.22,-10,0.00,18500,0.02
106,Entry short,2025-08-11 03:00,Short trade,44398,2,443980,990,0.22,990,0.22,-10,0.00,18500,0.02
107,Exit long,2025-08-12 08:30,Exit Long,44185,2,440870,980,0.22,980,0.22,-100,-0.02,19480,0.02
107,Entry long,2025-08-12 08:00,Long trade,44087,2,440870,980,0.22,980,0.22,-100,-0.02,19480,0.02
108,Exit short,2025-08-13 09:15,Close entry(s) order Short trade,44717,2,446840,-330,-0.07,120,0.03,-400,-0.09,19150,0.02
108,Entry short,2025-08-13 07:30,Short trade,44684,2,446840,-330,-0.07,120,0.03,-400,-0.09,19150,0.02
109,Exit short,2025-08-15 08:15,Exit Short,45239,2,453380,990,0.22,990,0.22,-280,-0.06,20140,0.02
109,Entry short,2025-08-15 03:00,Short trade,45338,2,453380,990,0.22,990,0.22,-280,-0.06,20140,0.02
110,Exit long,2025-08-18 03:30,Exit Long,44910,2,449540,-440,-0.10,230,0.05,-440,-0.10,19700,0.02
110,Entry long,2025-08-18 03:00,Long trade,44954,2,449540,-440,-0.10,230,0.05,-440,-0.10,19700,0.02
111,Exit long,2025-08-18 08:45,Exit Long,45042,2,449410,1010,0.22,1010,0.22,-370,-0.08,20710,0.02
111,Entry long,2025-08-18 03:45,Long trade,44941,2,449410,1010,0.22,1010,0.22,-370,-0.08,20710,0.02
112,Exit long,2025-08-21 06:00,Exit Long,44830,2,448750,-450,-0.10,230,0.05,-450,-0.10,20260,0.02
112,Entry long,2025-08-21 05:00,Long trade,44875,2,448750,-450,-0.10,230,0.05,-450,-0.10,20260,0.02
113,Exit long,2025-08-21 08:00,Exit Long,44818,2,448610,-430,-0.10,430,0.10,-430,-0.10,19830,0.02
113,Entry long,2025-08-21 07:00,Long trade,44861,2,448610,-430,-0.10,430,0.10,-430,-0.10,19830,0.02
114,Exit long,2025-08-22 03:45,Exit Long,44915,2,448190,960,0.21,960,0.21,-100,-0.02,20790,0.02
114,Entry long,2025-08-22 03:00,Long trade,44819,2,448190,960,0.21,960,0.21,-100,-0.02,20790,0.02
115,Exit long,2025-08-25 08:00,Exit Long,45580,2,456260,-460,-0.10,130,0.03,-460,-0.10,20330,0.02
115,Entry long,2025-08-25 05:30,Long trade,45626,2,456260,-460,-0.10,130,0.03,-460,-0.10,20330,0.02
116,Exit long,2025-08-26 09:00,Exit Long,45331,2,452300,1010,0.22,1010,0.22,-100,-0.02,21340,0.02
116,Entry long,2025-08-26 03:30,Long trade,45230,2,452300,1010,0.22,1010,0.22,-100,-0.02,21340,0.02
117,Exit short,2025-08-28 08:15,Exit Short,45667,2,457670,1000,0.22,1000,0.22,-340,-0.07,22340,0.02
117,Entry short,2025-08-28 03:15,Short trade,45767,2,457670,1000,0.22,1000,0.22,-340,-0.07,22340,0.02
118,Exit long,2025-08-29 04:45,Exit Long,45541,2,455860,-450,-0.10,70,0.02,-450,-0.10,21890,0.02
118,Entry long,2025-08-29 04:00,Long trade,45586,2,455860,-450,-0.10,70,0.02,-450,-0.10,21890,0.02
119,Exit long,2025-08-29 09:15,Close entry(s) order Long trade,45613,2,455500,630,0.14,760,0.17,-130,-0.03,22520,0.02
119,Entry long,2025-08-29 05:30,Long trade,45550,2,455500,630,0.14,760,0.17,-130,-0.03,22520,0.02
120,Exit long,2025-09-01 09:15,Close entry(s) order Long trade,45564,2,455500,140,0.03,190,0.04,-150,-0.03,22660,0.02
120,Entry long,2025-09-01 08:45,Long trade,45550,2,455500,140,0.03,190,0.04,-150,-0.03,22660,0.02
121,Exit long,2025-09-02 03:30,Exit Long,45429,2,454700,-410,-0.09,360,0.08,-410,-0.09,22250,0.02
121,Entry long,2025-09-02 03:15,Long trade,45470,2,454700,-410,-0.09,360,0.08,-410,-0.09,22250,0.02
122,Exit long,2025-09-05 08:00,Exit Long,45594,2,456380,-440,-0.10,70,0.02,-440,-0.10,21810,0.02
122,Entry long,2025-09-05 07:45,Long trade,45638,2,456380,-440,-0.10,70,0.02,-440,-0.10,21810,0.02
123,Exit long,2025-09-05 09:15,Close entry(s) order Long trade,45720,2,456580,620,0.14,860,0.19,-150,-0.03,22430,0.02
123,Entry long,2025-09-05 08:45,Long trade,45658,2,456580,620,0.14,860,0.19,-150,-0.03,22430,0.02
124,Exit short,2025-09-08 09:15,Close entry(s) order Short trade,45535,2,455280,-70,-0.02,620,0.14,-290,-0.06,22360,0.02
124,Entry short,2025-09-08 04:00,Short trade,45528,2,455280,-70,-0.02,620,0.14,-290,-0.06,22360,0.02
125,Exit short,2025-09-09 06:30,Exit Short,45559,2,456540,950,0.21,950,0.21,-120,-0.03,23310,0.02
125,Entry short,2025-09-09 03:30,Short trade,45654,2,456540,950,0.21,950,0.21,-120,-0.03,23310,0.02
126,Exit short,2025-09-10 09:15,Close entry(s) order Short trade,45760,2,457700,100,0.02,360,0.08,-50,-0.01,23410,0.02
126,Entry short,2025-09-10 08:45,Short trade,45770,2,457700,100,0.02,360,0.08,-50,-0.01,23410,0.02
127,Exit short,2025-09-11 08:30,Exit Short,45674,2,456270,-470,-0.10,280,0.06,-470,-0.10,22940,0.02
127,Entry short,2025-09-11 06:15,Short trade,45627,2,456270,-470,-0.10,280,0.06,-470,-0.10,22940,0.02
128,Exit short,2025-09-15 04:00,Exit Short,45816,2,459150,990,0.22,990,0.22,-250,-0.05,23930,0.02
128,Entry short,2025-09-15 03:45,Short trade,45915,2,459150,990,0.22,990,0.22,-250,-0.05,23930,0.02
129,Exit short,2025-09-15 06:30,Close entry(s) order Short trade,45928,2,459510,230,0.05,250,0.05,-150,-0.03,24160,0.02
129,Entry short,2025-09-15 05:00,Short trade,45951,2,459510,230,0.05,250,0.05,-150,-0.03,24160,0.02
130,Exit short,2025-09-17 09:15,Close entry(s) order Short trade,46175,2,461800,50,0.01,170,0.04,-150,-0.03,24210,0.02
130,Entry short,2025-09-17 08:45,Short trade,46180,2,461800,50,0.01,170,0.04,-150,-0.03,24210,0.02
131,Exit short,2025-09-18 08:15,Exit Short,46581,2,466770,960,0.21,960,0.21,-250,-0.05,25170,0.03
131,Entry short,2025-09-18 06:30,Short trade,46677,2,466770,960,0.21,960,0.21,-250,-0.05,25170,0.03
132,Exit long,2025-09-22 03:15,Exit Long,46476,2,465180,-420,-0.09,10,0.00,-420,-0.09,24750,0.02
132,Entry long,2025-09-22 03:15,Long trade,46518,2,465180,-420,-0.09,10,0.00,-420,-0.09,24750,0.02
133,Exit long,2025-09-22 08:30,Close entry(s) order Long trade,46469,2,465080,-390,-0.08,450,0.10,-420,-0.09,24360,0.02
133,Entry long,2025-09-22 04:00,Long trade,46508,2,465080,-390,-0.08,450,0.10,-420,-0.09,24360,0.02
134,Exit short,2025-09-24 09:15,Close entry(s) order Short trade,46675,2,467010,260,0.06,260,0.06,-210,-0.04,24620,0.02
134,Entry short,2025-09-24 08:30,Short trade,46701,2,467010,260,0.06,260,0.06,-210,-0.04,24620,0.02
135,Exit long,2025-09-25 07:00,Exit Long,46401,2,464440,-430,-0.09,490,0.11,-430,-0.09,24190,0.02
135,Entry long,2025-09-25 03:30,Long trade,46444,2,464440,-430,-0.09,490,0.11,-430,-0.09,24190,0.02
136,Exit long,2025-09-25 08:30,Exit Long,46343,2,463880,-450,-0.10,280,0.06,-450,-0.10,23740,0.02
136,Entry long,2025-09-25 08:15,Long trade,46388,2,463880,-450,-0.10,280,0.06,-450,-0.10,23740,0.02
137,Exit short,2025-09-29 05:15,Exit Short,46748,2,467060,-420,-0.09,190,0.04,-420,-0.09,23320,0.02
137,Entry short,2025-09-29 03:15,Short trade,46706,2,467060,-420,-0.09,190,0.04,-420,-0.09,23320,0.02
138,Exit short,2025-09-29 06:15,Exit Short,46786,2,467420,-440,-0.09,40,0.01,-440,-0.09,22880,0.02
138,Entry short,2025-09-29 06:00,Short trade,46742,2,467420,-440,-0.09,40,0.01,-440,-0.09,22880,0.02
139,Exit long,2025-09-30 04:00,Exit Long,46489,2,465350,-460,-0.10,20,0.00,-460,-0.10,22420,0.02
139,Entry long,2025-09-30 04:00,Long trade,46535,2,465350,-460,-0.10,20,0.00,-460,-0.10,22420,0.02
140,Exit long,2025-09-30 08:45,Exit Long,46576,2,464790,970,0.21,970,0.21,-230,-0.05,23390,0.02
140,Entry long,2025-09-30 06:15,Long trade,46479,2,464790,970,0.21,970,0.21,-230,-0.05,23390,0.02
141,Exit short,2025-10-03 09:15,Close entry(s) order Short trade,46843,2,469160,730,0.16,790,0.17,-350,-0.07,24120,0.02
141,Entry short,2025-10-03 04:00,Short trade,46916,2,469160,730,0.16,790,0.17,-350,-0.07,24120,0.02
142,Exit long,2025-10-10 09:15,Close entry(s) order Long trade,46684,2,466010,830,0.18,880,0.19,-30,-0.01,24950,0.02
142,Entry long,2025-10-10 06:00,Long trade,46601,2,466010,830,0.18,880,0.19,-30,-0.01,24950,0.02
143,Exit short,2025-10-13 07:00,Exit Short,46064,2,461640,1000,0.22,1000,0.22,-280,-0.06,25950,0.03
143,Entry short,2025-10-13 04:30,Short trade,46164,2,461640,1000,0.22,1000,0.22,-280,-0.06,25950,0.03
144,Exit short,2025-10-15 04:00,Exit Short,46670,2,466230,-470,-0.10,250,0.05,-470,-0.10,25480,0.03
144,Entry short,2025-10-15 03:00,Short trade,46623,2,466230,-470,-0.10,250,0.05,-470,-0.10,25480,0.03
145,Exit short,2025-10-15 05:00,Exit Short,46691,2,466480,-430,-0.09,290,0.06,-430,-0.09,25050,0.03
145,Entry short,2025-10-15 04:30,Short trade,46648,2,466480,-430,-0.09,290,0.06,-430,-0.09,25050,0.03
146,Exit short,2025-10-16 03:45,Exit Short,46603,2,465600,-430,-0.09,530,0.11,-430,-0.09,24620,0.02
146,Entry short,2025-10-16 03:00,Short trade,46560,2,465600,-430,-0.09,530,0.11,-430,-0.09,24620,0.02
147,Exit short,2025-10-16 05:15,Exit Short,46607,2,465660,-410,-0.09,120,0.03,-410,-0.09,24210,0.02
147,Entry short,2025-10-16 04:30,Short trade,46566,2,465660,-410,-0.09,120,0.03,-410,-0.09,24210,0.02
148,Exit long,2025-10-17 04:00,Exit Long,45668,2,457140,-460,-0.10,220,0.05,-460,-0.10,23750,0.02
148,Entry long,2025-10-17 04:00,Long trade,45714,2,457140,-460,-0.10,220,0.05,-460,-0.10,23750,0.02
149,Exit long,2025-10-17 04:30,Exit Long,45757,2,456570,1000,0.22,1000,0.22,-200,-0.04,24750,0.02
149,Entry long,2025-10-17 04:15,Long trade,45657,2,456570,1000,0.22,1000,0.22,-200,-0.04,24750,0.02
150,Exit short,2025-10-17 08:00,Exit Short,46148,2,461020,-460,-0.10,410,0.09,-460,-0.10,24290,0.02
150,Entry short,2025-10-17 07:30,Short trade,46102,2,461020,-460,-0.10,410,0.09,-460,-0.10,24290,0.02
151,Exit short,2025-10-20 06:45,Exit Short,46442,2,465430,1010,0.22,1010,0.22,0,0.00,25300,0.03
151,Entry short,2025-10-20 04:00,Short trade,46543,2,465430,1010,0.22,1010,0.22,0,0.00,25300,0.03
152,Exit short,2025-10-21 09:15,Close entry(s) order Short trade,46888,2,469230,350,0.07,490,0.10,-210,-0.04,25650,0.03
152,Entry short,2025-10-21 07:45,Short trade,46923,2,469230,350,0.07,490,0.10,-210,-0.04,25650,0.03
153,Exit short,2025-10-24 04:00,Exit Short,46902,2,470010,990,0.21,990,0.21,-80,-0.02,26640,0.03
153,Entry short,2025-10-24 03:15,Short trade,47001,2,470010,990,0.21,990,0.21,-80,-0.02,26640,0.03
154,Exit short,2025-10-24 09:00,Close entry(s) order Short trade,47113,2,471250,120,0.03,160,0.03,-220,-0.05,26760,0.03
154,Entry short,2025-10-24 08:45,Short trade,47125,2,471250,120,0.03,160,0.03,-220,-0.05,26760,0.03
155,Exit long,2025-10-27 09:30,Exit Long,47560,2,476050,-450,-0.09,920,0.19,-450,-0.09,26310,0.03
155,Entry long,2025-10-27 07:45,Long trade,47605,2,476050,-450,-0.09,920,0.19,-450,-0.09,26310,0.03
156,Exit short,2025-10-28 07:00,Exit Short,47821,2,477770,-440,-0.09,290,0.06,-440,-0.09,25870,0.03
156,Entry short,2025-10-28 06:15,Short trade,47777,2,477770,-440,-0.09,290,0.06,-440,-0.09,25870,0.03
157,Exit short,2025-10-28 09:45,Exit Short,47933,2,478880,-450,-0.09,330,0.07,-450,-0.09,25420,0.03
157,Entry short,2025-10-28 09:45,Short trade,47888,2,478880,-450,-0.09,330,0.07,-450,-0.09,25420,0.03
158,Exit short,2025-10-29 07:15,Exit Short,47982,2,479370,-450,-0.09,160,0.03,-450,-0.09,24970,0.02
158,Entry short,2025-10-29 06:45,Short trade,47937,2,479370,-450,-0.09,160,0.03,-450,-0.09,24970,0.02
159,Exit short,2025-10-29 08:45,Exit Short,48007,2,479600,-470,-0.10,230,0.05,-470,-0.10,24500,0.02
159,Entry short,2025-10-29 08:00,Short trade,47960,2,479600,-470,-0.10,230,0.05,-470,-0.10,24500,0.02
160,Exit long,2025-10-30 08:00,Exit Long,47625,2,476720,-470,-0.10,420,0.09,-470,-0.10,24030,0.02
160,Entry long,2025-10-30 06:15,Long trade,47672,2,476720,-470,-0.10,420,0.09,-470,-0.10,24030,0.02
161,Exit long,2025-10-30 09:00,Exit Long,47577,2,476220,-450,-0.09,250,0.05,-450,-0.09,23580,0.02
161,Entry long,2025-10-30 08:45,Long trade,47622,2,476220,-450,-0.09,250,0.05,-450,-0.09,23580,0.02
162,Exit short,2025-10-31 09:30,Exit Short,47670,2,477710,1010,0.21,1010,0.21,-370,-0.08,24590,0.02
162,Entry short,2025-10-31 08:15,Short trade,47771,2,477710,1010,0.21,1010,0.21,-370,-0.08,24590,0.02
163,Exit long,2025-11-03 04:30,Exit Long,47822,2,477240,980,0.21,980,0.21,-220,-0.05,25570,0.03
163,Entry long,2025-11-03 03:15,Long trade,47724,2,477240,980,0.21,980,0.21,-220,-0.05,25570,0.03
164,Exit long,2025-11-03 09:15,Close entry(s) order Long trade,47709,2,476910,180,0.04,450,0.09,-100,-0.02,25750,0.03
164,Entry long,2025-11-03 08:45,Long trade,47691,2,476910,180,0.04,450,0.09,-100,-0.02,25750,0.03
165,Exit long,2025-11-04 04:15,Exit Long,47073,2,471150,-420,-0.09,240,0.05,-420,-0.09,25330,0.03
165,Entry long,2025-11-04 03:30,Long trade,47115,2,471150,-420,-0.09,240,0.05,-420,-0.09,25330,0.03
166,Exit long,2025-11-04 06:30,Exit Long,47159,2,470590,1000,0.21,1000,0.21,0,0.00,26330,0.03
166,Entry long,2025-11-04 05:30,Long trade,47059,2,470590,1000,0.21,1000,0.21,0,0.00,26330,0.03
167,Exit long,2025-11-06 07:30,Exit Long,47462,2,473600,1020,0.22,1020,0.22,-110,-0.02,27350,0.03
167,Entry long,2025-11-06 04:00,Long trade,47360,2,473600,1020,0.22,1020,0.22,-110,-0.02,27350,0.03
168,Exit long,2025-11-07 06:00,Exit Long,46958,2,470030,-450,-0.10,220,0.05,-450,-0.10,26900,0.03
168,Entry long,2025-11-07 05:15,Long trade,47003,2,470030,-450,-0.10,220,0.05,-450,-0.10,26900,0.03
169,Exit long,2025-11-07 07:15,Exit Long,46924,2,469710,-470,-0.10,0,0.00,-470,-0.10,26430,0.03
169,Entry long,2025-11-07 07:00,Long trade,46971,2,469710,-470,-0.10,0,0.00,-470,-0.10,26430,0.03
170,Exit short,2025-11-10 05:30,Exit Short,47303,2,472570,-460,-0.10,40,0.01,-460,-0.10,25970,0.03
170,Entry short,2025-11-10 04:15,Short trade,47257,2,472570,-460,-0.10,40,0.01,-460,-0.10,25970,0.03
171,Exit short,2025-11-10 09:15,Close entry(s) order Short trade,47249,2,472650,160,0.03,260,0.06,-120,-0.03,26130,0.03
171,Entry short,2025-11-10 07:30,Short trade,47265,2,472650,160,0.03,260,0.06,-120,-0.03,26130,0.03
172,Exit short,2025-11-12 07:00,Exit Short,48136,2,480920,-440,-0.09,260,0.05,-440,-0.09,25690,0.03
172,Entry short,2025-11-12 03:00,Short trade,48092,2,480920,-440,-0.09,260,0.05,-440,-0.09,25690,0.03
173,Exit short,2025-11-17 06:00,Exit Short,47186,2,472880,1020,0.22,1020,0.22,-260,-0.05,26710,0.03
173,Entry short,2025-11-17 04:15,Short trade,47288,2,472880,1020,0.22,1020,0.22,-260,-0.05,26710,0.03
174,Exit long,2025-11-17 09:00,Close entry(s) order Long trade,47157,2,471350,220,0.05,250,0.05,-300,-0.06,26930,0.03
174,Entry long,2025-11-17 08:45,Long trade,47135,2,471350,220,0.05,250,0.05,-300,-0.06,26930,0.03
175,Exit long,2025-11-18 07:45,Exit Long,46290,2,463330,-430,-0.09,480,0.10,-430,-0.09,26500,0.03
175,Entry long,2025-11-18 07:15,Long trade,46333,2,463330,-430,-0.09,480,0.10,-430,-0.09,26500,0.03
176,Exit long,2025-11-18 09:15,Close entry(s) order Long trade,46289,2,463190,-300,-0.06,250,0.05,-380,-0.08,26200,0.03
176,Entry long,2025-11-18 09:00,Long trade,46319,2,463190,-300,-0.06,250,0.05,-380,-0.08,26200,0.03
177,Exit long,2025-11-21 03:15,Exit Long,45923,2,459700,-470,-0.10,80,0.02,-470,-0.10,25730,0.03
177,Entry long,2025-11-21 03:15,Long trade,45970,2,459700,-470,-0.10,80,0.02,-470,-0.10,25730,0.03
178,Exit long,2025-11-24 04:45,Exit Long,46325,2,462260,990,0.21,990,0.21,-30,-0.01,26720,0.03
178,Entry long,2025-11-24 04:30,Long trade,46226,2,462260,990,0.21,990,0.21,-30,-0.01,26720,0.03
179,Exit short,2025-11-26 07:00,Exit Short,47191,2,472930,1020,0.22,1020,0.22,-270,-0.06,27740,0.03
179,Entry short,2025-11-26 03:15,Short trade,47293,2,472930,1020,0.22,1020,0.22,-270,-0.06,27740,0.03
180,Exit short,2025-12-05 08:30,Exit Short,47882,2,479810,990,0.21,990,0.21,-30,-0.01,28730,0.03
180,Entry short,2025-12-05 07:15,Short trade,47981,2,479810,990,0.21,990,0.21,-30,-0.01,28730,0.03
181,Exit long,2025-12-09 09:15,Close entry(s) order Long trade,47743,2,477490,-60,-0.01,100,0.02,-140,-0.03,28670,0.03
181,Entry long,2025-12-09 09:00,Long trade,47749,2,477490,-60,-0.01,100,0.02,-140,-0.03,28670,0.03
182,Exit long,2025-12-10 09:15,Close entry(s) order Long trade,47581,2,475830,-20,0.00,810,0.17,-190,-0.04,28650,0.03
182,Entry long,2025-12-10 06:15,Long trade,47583,2,475830,-20,0.00,810,0.17,-190,-0.04,28650,0.03
183,Exit short,2025-12-11 09:15,Close entry(s) order Short trade,48140,2,481030,-370,-0.08,110,0.02,-420,-0.09,28280,0.03
183,Entry short,2025-12-11 08:15,Short trade,48103,2,481030,-370,-0.08,110,0.02,-420,-0.09,28280,0.03
184,Exit short,2025-12-12 06:45,Exit Short,48800,2,488990,990,0.20,990,0.20,-90,-0.02,29270,0.03
184,Entry short,2025-12-12 03:45,Short trade,48899,2,488990,990,0.20,990,0.20,-90,-0.02,29270,0.03
185,Exit short,2025-12-15 08:45,Exit Short,48727,2,486850,-420,-0.09,170,0.03,-420,-0.09,28850,0.03
185,Entry short,2025-12-15 07:15,Short trade,48685,2,486850,-420,-0.09,170,0.03,-420,-0.09,28850,0.03
186,Exit short,2025-12-16 08:30,Exit Short,48868,2,488240,-440,-0.09,370,0.08,-440,-0.09,28410,0.03
186,Entry short,2025-12-16 07:15,Short trade,48824,2,488240,-440,-0.09,370,0.08,-440,-0.09,28410,0.03
187,Exit short,2025-12-17 09:15,Close entry(s) order Short trade,48581,2,485950,140,0.03,200,0.04,-340,-0.07,28550,0.03
187,Entry short,2025-12-17 08:45,Short trade,48595,2,485950,140,0.03,200,0.04,-340,-0.07,28550,0.03
188,Exit short,2025-12-23 08:45,Exit Short,48585,2,486910,1060,0.22,1060,0.22,-370,-0.08,29610,0.03
188,Entry short,2025-12-23 03:30,Short trade,48691,2,486910,1060,0.22,1060,0.22,-370,-0.08,29610,0.03
189,Exit short,2025-12-24 09:15,Close entry(s) order Short trade,48767,2,487580,-90,-0.02,110,0.02,-130,-0.03,29520,0.03
189,Entry short,2025-12-24 08:45,Short trade,48758,2,487580,-90,-0.02,110,0.02,-130,-0.03,29520,0.03
190,Exit long,2025-12-30 09:15,Close entry(s) order Long trade,48742,2,487350,70,0.01,320,0.07,-290,-0.06,29590,0.03
190,Entry long,2025-12-30 03:15,Long trade,48735,2,487350,70,0.01,320,0.07,-290,-0.06,29590,0.03
191,Exit long,2025-12-31 09:15,Close entry(s) order Long trade,48659,2,485890,700,0.14,770,0.16,-260,-0.05,30290,0.03
191,Entry long,2025-12-31 03:30,Long trade,48589,2,485890,700,0.14,770,0.16,-260,-0.05,30290,0.03
192,Exit short,2026-01-09 08:30,Exit Short,49601,2,495560,-450,-0.09,540,0.11,-450,-0.09,29840,0.03
192,Entry short,2026-01-09 08:15,Short trade,49556,2,495560,-450,-0.09,540,0.11,-450,-0.09,29840,0.03
193,Exit long,2026-01-12 06:00,Exit Long,49298,2,493430,-450,-0.09,460,0.09,-450,-0.09,29390,0.03
193,Entry long,2026-01-12 04:30,Long trade,49343,2,493430,-450,-0.09,460,0.09,-450,-0.09,29390,0.03
194,Exit short,2026-01-13 08:15,Exit Short,49675,2,497720,970,0.19,970,0.19,-20,0.00,30360,0.03
194,Entry short,2026-01-13 07:15,Short trade,49772,2,497720,970,0.19,970,0.19,-20,0.00,30360,0.03
195,Exit long,2026-01-14 06:00,Exit Long,49213,2,492590,-460,-0.09,0,0.00,-460,-0.09,29900,0.03
195,Entry long,2026-01-14 05:45,Long trade,49259,2,492590,-460,-0.09,0,0.00,-460,-0.09,29900,0.03
196,Exit long,2026-01-14 07:00,Exit Long,49211,2,492560,-450,-0.09,130,0.03,-450,-0.09,29450,0.03
196,Entry long,2026-01-14 06:30,Long trade,49256,2,492560,-450,-0.09,130,0.03,-450,-0.09,29450,0.03
197,Exit long,2026-01-16 09:15,Close entry(s) order Long trade,49650,2,496370,130,0.03,320,0.06,-370,-0.07,29580,0.03
197,Entry long,2026-01-16 07:00,Long trade,49637,2,496370,130,0.03,320,0.06,-370,-0.07,29580,0.03
198,Exit long,2026-01-19 04:15,Exit Long,49111,2,491580,-470,-0.10,940,0.19,-470,-0.10,29110,0.03
198,Entry long,2026-01-19 03:15,Long trade,49158,2,491580,-470,-0.10,940,0.19,-470,-0.10,29110,0.03
199,Exit long,2026-01-19 05:30,Exit Long,49070,2,491190,-490,-0.10,240,0.05,-490,-0.10,28620,0.03
199,Entry long,2026-01-19 05:15,Long trade,49119,2,491190,-490,-0.10,240,0.05,-490,-0.10,28620,0.03
200,Exit long,2026-01-20 07:45,Exit Long,48952,2,488520,1000,0.20,1000,0.20,0,0.00,29620,0.03
200,Entry long,2026-01-20 06:30,Long trade,48852,2,488520,1000,0.20,1000,0.20,0,0.00,29620,0.03
201,Exit long,2026-01-21 06:15,Exit Long,48689,2,487340,-450,-0.09,180,0.04,-450,-0.09,29170,0.03
201,Entry long,2026-01-21 05:30,Long trade,48734,2,487340,-450,-0.09,180,0.04,-450,-0.09,29170,0.03
202,Exit long,2026-01-21 07:30,Exit Long,48580,2,486230,-430,-0.09,50,0.01,-430,-0.09,28740,0.03
202,Entry long,2026-01-21 07:15,Long trade,48623,2,486230,-430,-0.09,50,0.01,-430,-0.09,28740,0.03
203,Exit short,2026-01-22 08:45,Exit Short,49486,2,494430,-430,-0.09,730,0.15,-430,-0.09,28310,0.03
203,Entry short,2026-01-22 05:30,Short trade,49443,2,494430,-430,-0.09,730,0.15,-430,-0.09,28310,0.03
204,Exit short,2026-01-26 05:30,Exit Short,49245,2,491980,-470,-0.10,390,0.08,-470,-0.10,27840,0.03
204,Entry short,2026-01-26 04:45,Short trade,49198,2,491980,-470,-0.10,390,0.08,-470,-0.10,27840,0.03
205,Exit short,2026-01-26 09:15,Close entry(s) order Short trade,49326,2,493210,-50,-0.01,50,0.01,-190,-0.04,27790,0.03
205,Entry short,2026-01-26 09:00,Short trade,49321,2,493210,-50,-0.01,50,0.01,-190,-0.04,27790,0.03
206,Exit short,2026-01-28 09:15,Close entry(s) order Short trade,49100,2,491780,780,0.16,900,0.18,-220,-0.04,28570,0.03
206,Entry short,2026-01-28 03:15,Short trade,49178,2,491780,780,0.16,900,0.18,-220,-0.04,28570,0.03
207,Exit short,2026-01-29 06:30,Exit Short,49248,2,492020,-460,-0.09,730,0.15,-460,-0.09,28110,0.03
207,Entry short,2026-01-29 05:00,Short trade,49202,2,492020,-460,-0.09,730,0.15,-460,-0.09,28110,0.03
208,Exit short,2026-01-29 09:00,Exit Short,49124,2,492220,980,0.20,980,0.20,-240,-0.05,29090,0.03
208,Entry short,2026-01-29 07:00,Short trade,49222,2,492220,980,0.20,980,0.20,-240,-0.05,29090,0.03
209,Exit long,2026-01-30 03:30,Exit Long,48757,2,488020,-450,-0.09,320,0.07,-450,-0.09,28640,0.03
209,Entry long,2026-01-30 03:15,Long trade,48802,2,488020,-450,-0.09,320,0.07,-450,-0.09,28640,0.03
210,Exit long,2026-01-30 04:30,Exit Long,48762,2,488070,-450,-0.09,160,0.03,-450,-0.09,28190,0.03
210,Entry long,2026-01-30 04:15,Long trade,48807,2,488070,-450,-0.09,160,0.03,-450,-0.09,28190,0.03
211,Exit short,2026-02-02 08:45,Exit Short,49010,2,489660,-440,-0.09,590,0.12,-440,-0.09,27750,0.03
211,Entry short,2026-02-02 06:45,Short trade,48966,2,489660,-440,-0.09,590,0.12,-440,-0.09,27750,0.03
212,Exit short,2026-02-04 05:00,Exit Short,49476,2,494290,-470,-0.10,380,0.08,-470,-0.10,27280,0.03
212,Entry short,2026-02-04 03:30,Short trade,49429,2,494290,-470,-0.10,380,0.08,-470,-0.10,27280,0.03
213,Exit short,2026-02-04 08:00,Exit Short,49429,2,495310,1020,0.21,1020,0.21,-260,-0.05,28300,0.03
213,Entry short,2026-02-04 07:00,Short trade,49531,2,495310,1020,0.21,1020,0.21,-260,-0.05,28300,0.03
214,Exit short,2026-02-05 07:15,Exit Short,49569,2,496680,990,0.20,990,0.20,-80,-0.02,29290,0.03
214,Entry short,2026-02-05 07:15,Short trade,49668,2,496680,990,0.20,990,0.20,-80,-0.02,29290,0.03
215,Exit short,2026-02-06 06:00,Exit Short,49156,2,491100,-460,-0.09,670,0.14,-460,-0.09,28830,0.03
215,Entry short,2026-02-06 04:45,Short trade,49110,2,491100,-460,-0.09,670,0.14,-460,-0.09,28830,0.03
216,Exit long,2026-02-09 08:45,Exit Long,50125,2,501680,-430,-0.09,310,0.06,-430,-0.09,28400,0.03
216,Entry long,2026-02-09 07:30,Long trade,50168,2,501680,-430,-0.09,310,0.06,-430,-0.09,28400,0.03
217,Exit short,2026-02-10 07:45,Exit Short,50155,2,502540,990,0.20,990,0.20,-220,-0.04,29390,0.03
217,Entry short,2026-02-10 05:00,Short trade,50254,2,502540,990,0.20,990,0.20,-220,-0.04,29390,0.03
218,Exit long,2026-02-10 08:45,Close entry(s) order Long trade,50196,2,501770,190,0.04,340,0.07,-260,-0.05,29580,0.03
218,Entry long,2026-02-10 08:30,Long trade,50177,2,501770,190,0.04,340,0.07,-260,-0.05,29580,0.03
219,Exit long,2026-02-13 07:45,Exit Long,49439,2,493380,1010,0.20,1010,0.20,-400,-0.08,30590,0.03
219,Entry long,2026-02-13 06:15,Long trade,49338,2,493380,1010,0.20,1010,0.20,-400,-0.08,30590,0.03
220,Exit short,2026-02-16 09:15,Close entry(s) order Short trade,49719,2,497700,510,0.10,550,0.11,-340,-0.07,31100,0.03
220,Entry short,2026-02-16 05:15,Short trade,49770,2,497700,510,0.10,550,0.11,-340,-0.07,31100,0.03
221,Exit long,2026-02-17 08:15,Exit Long,49482,2,493840,980,0.20,980,0.20,-80,-0.02,32080,0.03
221,Entry long,2026-02-17 08:15,Long trade,49384,2,493840,980,0.20,980,0.20,-80,-0.02,32080,0.03
222,Exit short,2026-02-18 05:15,Exit Short,49872,2,498240,-480,-0.10,0,0.00,-480,-0.10,31600,0.03
222,Entry short,2026-02-18 05:00,Short trade,49824,2,498240,-480,-0.10,0,0.00,-480,-0.10,31600,0.03
223,Exit short,2026-02-18 07:15,Exit Short,49756,2,498590,1030,0.21,1030,0.21,-60,-0.01,32630,0.03
223,Entry short,2026-02-18 05:45,Short trade,49859,2,498590,1030,0.21,1030,0.21,-60,-0.01,32630,0.03
224,Exit short,2026-02-20 06:00,Exit Short,49454,2,495570,1030,0.21,1030,0.21,-20,0.00,33660,0.03
224,Entry short,2026-02-20 04:45,Short trade,49557,2,495570,1030,0.21,1030,0.21,-20,0.00,33660,0.03
225,Exit long,2026-02-20 08:30,Close entry(s) order Long trade,49453,2,494080,450,0.09,460,0.09,0,0.00,34110,0.03
225,Entry long,2026-02-20 08:15,Long trade,49408,2,494080,450,0.09,460,0.09,0,0.00,34110,0.03
226,Exit long,2026-02-27 08:00,Exit Long,49132,2,491780,-460,-0.09,640,0.13,-460,-0.09,33650,0.03
226,Entry long,2026-02-27 06:45,Long trade,49178,2,491780,-460,-0.09,640,0.13,-460,-0.09,33650,0.03
227,Exit long,2026-03-02 04:00,Exit Long,48396,2,482990,970,0.20,970,0.20,-160,-0.03,34620,0.03
227,Entry long,2026-03-02 03:45,Long trade,48299,2,482990,970,0.20,970,0.20,-160,-0.03,34620,0.03
228,Exit long,2026-03-03 04:30,Exit Long,48217,2,482570,-400,-0.08,220,0.05,-400,-0.08,34220,0.03
228,Entry long,2026-03-03 04:15,Long trade,48257,2,482570,-400,-0.08,220,0.05,-400,-0.08,34220,0.03
229,Exit long,2026-03-03 05:30,Exit Long,48060,2,481010,-410,-0.09,600,0.12,-410,-0.09,33810,0.03
229,Entry long,2026-03-03 05:15,Long trade,48101,2,481010,-410,-0.09,600,0.12,-410,-0.09,33810,0.03
230,Exit short,2026-03-04 05:30,Exit Short,48613,2,485690,-440,-0.09,0,0.00,-440,-0.09,33370,0.03
230,Entry short,2026-03-04 05:30,Short trade,48569,2,485690,-440,-0.09,0,0.00,-440,-0.09,33370,0.03
231,Exit short,2026-03-04 07:15,Exit Short,48485,2,485820,970,0.20,970,0.20,-460,-0.09,34340,0.03
231,Entry short,2026-03-04 06:45,Short trade,48582,2,485820,970,0.20,970,0.20,-460,-0.09,34340,0.03
232,Exit short,2026-03-05 06:00,Exit Short,48650,2,487470,970,0.20,970,0.20,-120,-0.02,35310,0.04
232,Entry short,2026-03-05 04:30,Short trade,48747,2,487470,970,0.20,970,0.20,-120,-0.02,35310,0.04
233,Exit long,2026-03-06 04:00,Exit Long,48009,2,480530,-440,-0.09,390,0.08,-440,-0.09,34870,0.03
233,Entry long,2026-03-06 03:45,Long trade,48053,2,480530,-440,-0.09,390,0.08,-440,-0.09,34870,0.03
234,Exit long,2026-03-06 05:30,Exit Long,47876,2,479220,-460,-0.10,10,0.00,-460,-0.10,34410,0.03
234,Entry long,2026-03-06 05:30,Long trade,47922,2,479220,-460,-0.10,10,0.00,-460,-0.10,34410,0.03